{
    "permutation_data": {
        "start": [
            "past",
            "future",
            null
        ],
        "end": [
            "past",
            "future",
            null
        ],
        "seats": [
            [
                "audit"
            ],
            [
                "verified"
            ],
            [
                "audit",
                "verified"
            ],
            [],
            null
        ],
        "display_name": [
            "International Project Management",
            "Cybersecurity Fundamentals",
            "",
            null
        ],
        "mobile_available": [
            true,
            false,
            null
        ]
    },
    "default_data": {
        "start": "past",
        "end": "future",
        "seats": [
            {
                "type": [
                    "audit",
                    "verified"
                ],
                "upgrade_deadline": "future"
            }
        ],
        "display_name": "International Project Management",
        "mobile_available": true
    }
}
